City,Number of Aggies Alumni (Linkedin),Link
St._Louis,810,https://www.linkedin.com/school/texas-a&m-university/people/?facetGeoRegion=us%3A704
Detroit,741,https://www.linkedin.com/school/texas-a&m-university/people/?facetGeoRegion=us%3A35
Las_Vegas,495,https://www.linkedin.com/school/texas-a&m-university/people/?facetGeoRegion=us%3A412
Philadelphia,1076,https://www.linkedin.com/school/texas-a&m-university/people/?facetGeoRegion=us%3A77
Los_Angeles,2997,https://www.linkedin.com/school/texas-a&m-university/people/?facetGeoRegion=us%3A49
Lima,61,https://www.linkedin.com/school/texas-a&m-university/people/?facetGeoRegion=pe%3A0&keywords=Lima
Miami,797,https://www.linkedin.com/school/texas-a&m-university/people/?facetGeoRegion=us%3A56
Rome,22,https://www.linkedin.com/school/texas-a&m-university/people/?facetGeoRegion=it%3A5636
Houston,83375,https://www.linkedin.com/school/texas-a&m-university/people/?facetGeoRegion=us%3A42
Tampa,698,https://www.linkedin.com/school/texas-a&m-university/people/?facetGeoRegion=us%3A828
Glasgow,19,https://www.linkedin.com/school/texas-a&m-university/people/?facetGeoRegion=gb%3A4579
Dallas,61307,https://www.linkedin.com/school/texas-a&m-university/people/?facetGeoRegion=us%3A31
Baltimore,723,https://www.linkedin.com/school/texas-a&m-university/people/?facetGeoRegion=us%3A7416
Athens,28,https://www.linkedin.com/school/texas-a&m-university/people/?facetGeoRegion=gr%3A0&keywords=Athens
Saint_Petersburg,3,https://www.linkedin.com/school/texas-a&m-university/people/?facetGeoRegion=ru%3A7463
Naples,3,https://www.linkedin.com/school/texas-a&m-university/people/?facetGeoRegion=it%3A5619
Milan,37,https://www.linkedin.com/school/texas-a&m-university/people/?facetGeoRegion=it%3A5616
Atlanta,2195,https://www.linkedin.com/school/texas-a&m-university/people/?facetGeoRegion=us%3A52
Orlando,706,https://www.linkedin.com/school/texas-a&m-university/people/?facetGeoRegion=us%3A596
Chicago,2128,https://www.linkedin.com/school/texas-a&m-university/people/?facetGeoRegion=us%3A14
Geneva,257,https://www.linkedin.com/school/texas-a&m-university/people/?keywords=Geneva
Paris,269,https://www.linkedin.com/school/texas-a&m-university/people/?facetGeoRegion=fr%3A5227
Moscow,18,https://www.linkedin.com/school/texas-a&m-university/people/?facetGeoRegion=ru%3A7487
Delhi,183,https://www.linkedin.com/school/texas-a&m-university/people/?facetGeoRegion=in%3A0&keywords=Delhi
Washington,4555,https://www.linkedin.com/school/texas-a&m-university/people/?facetGeoRegion=us%3A97
San_Antonio,17631,https://www.linkedin.com/school/texas-a&m-university/people/?facetGeoRegion=us%3A724
London,328,https://www.linkedin.com/school/texas-a&m-university/people/?facetGeoRegion=gb%3A4573
Perth,66,https://www.linkedin.com/school/texas-a&m-university/people/?facetGeoRegion=au%3A4905
Cairo,48,https://www.linkedin.com/school/texas-a&m-university/people/?facetGeoRegion=eg%3A0&keywords=Cairo
Melbourne,114,https://www.linkedin.com/school/texas-a&m-university/people/?facetGeoRegion=au%3A4900
Dublin,4,https://www.linkedin.com/school/texas-a&m-university/people/?facetGeoRegion=ie%3A10161
Birmingham,255,https://www.linkedin.com/school/texas-a&m-university/people/?facetGeoRegion=us%3A100
New_York,3811,https://www.linkedin.com/school/texas-a&m-university/people/?facetGeoRegion=us%3A70
Nice,5,https://www.linkedin.com/school/texas-a&m-university/people/?facetGeoRegion=fr%3A5221
Bogota,36,https://www.linkedin.com/school/texas-a&m-university/people/?facetGeoRegion=co%3A9549
Brisbane,86,https://www.linkedin.com/school/texas-a&m-university/people/?facetGeoRegion=au%3A4909
Nottingham,8,https://www.linkedin.com/school/texas-a&m-university/people/?facetGeoRegion=gb%3A4613
Honolulu,165,https://www.linkedin.com/school/texas-a&m-university/people/?facetGeoRegion=us%3A332&keywords=Honolulu
Bristol,5,https://www.linkedin.com/school/texas-a&m-university/people/?facetGeoRegion=gb%3A4552
Austin,28445,https://www.linkedin.com/school/texas-a&m-university/people/?facetGeoRegion=us%3A64
Victoria,546,https://www.linkedin.com/school/texas-a&m-university/people/?facetGeoRegion=au%3A0&keywords=Australia%2CVictoria
New_Orleans,666,https://www.linkedin.com/school/texas-a&m-university/people/?facetGeoRegion=us%3A556
Seattle,3064,https://www.linkedin.com/school/texas-a&m-university/people/?facetGeoRegion=us%3A91
Phoenix,1498,https://www.linkedin.com/school/texas-a&m-university/people/?facetGeoRegion=us%3A620
Boston,1667,https://www.linkedin.com/school/texas-a&m-university/people/?facetGeoRegion=us%3A7
Minneapolis,800,https://www.linkedin.com/school/texas-a&m-university/people/?facetGeoRegion=us%3A512
Lisbon,24,https://www.linkedin.com/school/texas-a&m-university/people/?facetGeoRegion=pt%3A7405
Florence,206,https://www.linkedin.com/school/texas-a&m-university/people/?facetGeoRegion=it%3A0&keywords=Italy%2CFlorence
San_Diego,1538,https://www.linkedin.com/school/texas-a&m-university/people/?facetGeoRegion=us%3A732
Madrid,134,https://www.linkedin.com/school/texas-a&m-university/people/?facetGeoRegion=es%3A5113
Portland,1199,https://www.linkedin.com/school/texas-a&m-university/people/?facetGeoRegion=us%3A79
Belgrade,7,https://www.linkedin.com/school/texas-a&m-university/people/?facetGeoRegion=rs%3A0&keywords=Belgrade
Varna,9,https://www.linkedin.com/school/texas-a&m-university/people/?keywords=Varna
Hamilton,64,https://www.linkedin.com/school/texas-a&m-university/people/?facetGeoRegion=ca%3A0&keywords=Hamilton
Belfast,5,https://www.linkedin.com/school/texas-a&m-university/people/?facetGeoRegion=gb%3A4553
Brighton,5,https://www.linkedin.com/school/texas-a&m-university/people/?facetGeoRegion=gb%3A4550
Darwin,2,https://www.linkedin.com/school/texas-a&m-university/people/?facetGeoRegion=au%3A4895
San_Francisco,5497,https://www.linkedin.com/school/texas-a&m-university/people/?facetGeoRegion=us%3A84
Warsaw,16,https://www.linkedin.com/school/texas-a&m-university/people/?facetGeoRegion=pl%3A8172
Montreal,70,https://www.linkedin.com/school/texas-a&m-university/people/?facetGeoRegion=ca%3A4863
Edmonton,67,https://www.linkedin.com/school/texas-a&m-university/people/?facetGeoRegion=ca%3A4872
Edinburgh,15,https://www.linkedin.com/school/texas-a&m-university/people/?facetGeoRegion=gb%3A4574&keywords=Edinburgh
Charlotte,752,https://www.linkedin.com/school/texas-a&m-university/people/?facetGeoRegion=us%3A152
Asheville,144,https://www.linkedin.com/school/texas-a&m-university/people/?facetGeoRegion=us%3A48
Rochester,92,https://www.linkedin.com/school/texas-a&m-university/people/?facetGeoRegion=us%3A684
Indianapolis,736,https://www.linkedin.com/school/texas-a&m-university/people/?keywords=Indianapolis
Newark,276,https://www.linkedin.com/school/texas-a&m-university/people/?keywords=Newark
Vancouver,161,https://www.linkedin.com/school/texas-a&m-university/people/?facetGeoRegion=ca%3A4880
Amsterdam,87,https://www.linkedin.com/school/texas-a&m-university/people/?facetGeoRegion=nl%3A5664
Leeds,5,https://www.linkedin.com/school/texas-a&m-university/people/?facetGeoRegion=gb%3A4606
Liverpool,10,https://www.linkedin.com/school/texas-a&m-university/people/?facetGeoRegion=gb%3A4600
Vienna,45,https://www.linkedin.com/school/texas-a&m-university/people/?facetGeoRegion=at%3A0%2Cat%3A9335&keywords=Vienna
Toronto,383,https://www.linkedin.com/school/texas-a&m-university/people/?facetGeoRegion=ca%3A4876
Wellington,24,https://www.linkedin.com/school/texas-a&m-university/people/?facetGeoRegion=nz%3A9204
Cologne,80,https://www.linkedin.com/school/texas-a&m-university/people/?facetGeoRegion=de%3A4953
Stockholm,26,https://www.linkedin.com/school/texas-a&m-university/people/?facetGeoRegion=se%3A8064
Hamburg,27,https://www.linkedin.com/school/texas-a&m-university/people/?facetGeoRegion=de%3A4977&keywords=Hamburg
Nashville,960,https://www.linkedin.com/school/texas-a&m-university/people/?facetGeoRegion=us%3A536
Aberdeen,29,https://www.linkedin.com/school/texas-a&m-university/people/?facetGeoRegion=gb%3A4542
Leicester,5,https://www.linkedin.com/school/texas-a&m-university/people/?facetGeoRegion=gb%3A4603
Oxford,19,https://www.linkedin.com/school/texas-a&m-university/people/?facetGeoRegion=gb%3A4618
Cambridge,216,https://www.linkedin.com/school/texas-a&m-university/people/?facetGeoRegion=us%3A7&keywords=Cambridge
Manchester,14,https://www.linkedin.com/school/texas-a&m-university/people/?facetGeoRegion=gb%3A4608&keywords=Manchester
Berlin,52,https://www.linkedin.com/school/texas-a&m-university/people/?facetGeoRegion=de%3A4944
Ottawa,50,https://www.linkedin.com/school/texas-a&m-university/people/?facetGeoRegion=ca%3A4884
Venice,106,https://www.linkedin.com/school/texas-a&m-university/people/?facetGeoRegion=it%3A0&keywords=italy%2CVenice
Dresden,8,https://www.linkedin.com/school/texas-a&m-university/people/?facetGeoRegion=de%3A4958
Malaga,3,https://www.linkedin.com/school/texas-a&m-university/people/?facetGeoRegion=es%3A5119